{
    "GaussianNB": {
        "training_time": 0.014366388320922852,
        "prediction_time": 0.005259275436401367,
        "report": {
            "Real": {
                "precision": 0.6684741803620589,
                "recall": 0.8013,
                "f1-score": 0.7288852503752217,
                "support": 10000.0
            },
            "Fake": {
                "precision": 0.7520279545738175,
                "recall": 0.6026,
                "f1-score": 0.6690723366457558,
                "support": 10000.0
            },
            "accuracy": 0.70195,
            "macro avg": {
                "precision": 0.7102510674679382,
                "recall": 0.7019500000000001,
                "f1-score": 0.6989787935104887,
                "support": 20000.0
            },
            "weighted avg": {
                "precision": 0.7102510674679382,
                "recall": 0.70195,
                "f1-score": 0.6989787935104886,
                "support": 20000.0
            }
        },
        "report_str": "              precision    recall  f1-score   support\n\n        Real     0.6685    0.8013    0.7289     10000\n        Fake     0.7520    0.6026    0.6691     10000\n\n    accuracy                         0.7019     20000\n   macro avg     0.7103    0.7020    0.6990     20000\nweighted avg     0.7103    0.7019    0.6990     20000\n",
        "model_size_mb": 0.0009555816650390625
    },
    "KNeighborsClassifier": {
        "training_time": 0.00444340705871582,
        "prediction_time": 0.7630860805511475,
        "report": {
            "Real": {
                "precision": 0.8307754037516301,
                "recall": 0.8282,
                "f1-score": 0.829485702839401,
                "support": 10000.0
            },
            "Fake": {
                "precision": 0.8287309341042768,
                "recall": 0.8313,
                "f1-score": 0.8300134791073835,
                "support": 10000.0
            },
            "accuracy": 0.82975,
            "macro avg": {
                "precision": 0.8297531689279534,
                "recall": 0.82975,
                "f1-score": 0.8297495909733923,
                "support": 20000.0
            },
            "weighted avg": {
                "precision": 0.8297531689279535,
                "recall": 0.82975,
                "f1-score": 0.8297495909733923,
                "support": 20000.0
            }
        },
        "report_str": "              precision    recall  f1-score   support\n\n        Real     0.8308    0.8282    0.8295     10000\n        Fake     0.8287    0.8313    0.8300     10000\n\n    accuracy                         0.8297     20000\n   macro avg     0.8298    0.8297    0.8297     20000\nweighted avg     0.8298    0.8297    0.8297     20000\n",
        "model_size_mb": 5.280597686767578
    },
    "LogisticRegression": {
        "training_time": 3.5261881351470947,
        "prediction_time": 0.0014362335205078125,
        "report": {
            "Real": {
                "precision": 0.712900274473925,
                "recall": 0.7792,
                "f1-score": 0.7445771619684664,
                "support": 10000.0
            },
            "Fake": {
                "precision": 0.7565600882028666,
                "recall": 0.6862,
                "f1-score": 0.7196643943366544,
                "support": 10000.0
            },
            "accuracy": 0.7327,
            "macro avg": {
                "precision": 0.7347301813383957,
                "recall": 0.7327,
                "f1-score": 0.7321207781525604,
                "support": 20000.0
            },
            "weighted avg": {
                "precision": 0.7347301813383957,
                "recall": 0.7327,
                "f1-score": 0.7321207781525604,
                "support": 20000.0
            }
        },
        "report_str": "              precision    recall  f1-score   support\n\n        Real     0.7129    0.7792    0.7446     10000\n        Fake     0.7566    0.6862    0.7197     10000\n\n    accuracy                         0.7327     20000\n   macro avg     0.7347    0.7327    0.7321     20000\nweighted avg     0.7347    0.7327    0.7321     20000\n",
        "model_size_mb": 0.000843048095703125
    },
    "RandomForestClassifier": {
        "training_time": 3.7992007732391357,
        "prediction_time": 0.05174708366394043,
        "report": {
            "Real": {
                "precision": 0.868230494645589,
                "recall": 0.8513,
                "f1-score": 0.8596818985104772,
                "support": 10000.0
            },
            "Fake": {
                "precision": 0.8541441883276115,
                "recall": 0.8708,
                "f1-score": 0.8623916811091854,
                "support": 10000.0
            },
            "accuracy": 0.86105,
            "macro avg": {
                "precision": 0.8611873414866003,
                "recall": 0.86105,
                "f1-score": 0.8610367898098312,
                "support": 20000.0
            },
            "weighted avg": {
                "precision": 0.8611873414866003,
                "recall": 0.86105,
                "f1-score": 0.8610367898098313,
                "support": 20000.0
            }
        },
        "report_str": "              precision    recall  f1-score   support\n\n        Real     0.8682    0.8513    0.8597     10000\n        Fake     0.8541    0.8708    0.8624     10000\n\n    accuracy                         0.8610     20000\n   macro avg     0.8612    0.8610    0.8610     20000\nweighted avg     0.8612    0.8610    0.8610     20000\n",
        "model_size_mb": 16.930694580078125
    },
    "LGBMClassifier": {
        "training_time": 0.19016098976135254,
        "prediction_time": 0.011900186538696289,
        "report": {
            "Real": {
                "precision": 0.8685966533210143,
                "recall": 0.8461,
                "f1-score": 0.8572007497087281,
                "support": 10000.0
            },
            "Fake": {
                "precision": 0.8499853786918803,
                "recall": 0.872,
                "f1-score": 0.8608519670270004,
                "support": 10000.0
            },
            "accuracy": 0.85905,
            "macro avg": {
                "precision": 0.8592910160064473,
                "recall": 0.85905,
                "f1-score": 0.8590263583678642,
                "support": 20000.0
            },
            "weighted avg": {
                "precision": 0.8592910160064472,
                "recall": 0.85905,
                "f1-score": 0.8590263583678643,
                "support": 20000.0
            }
        },
        "report_str": "              precision    recall  f1-score   support\n\n        Real     0.8686    0.8461    0.8572     10000\n        Fake     0.8500    0.8720    0.8609     10000\n\n    accuracy                         0.8590     20000\n   macro avg     0.8593    0.8590    0.8590     20000\nweighted avg     0.8593    0.8590    0.8590     20000\n",
        "model_size_mb": 0.14072704315185547
    }
}