{
    "GaussianNB": {
        "training_time": 0.33927321434020996,
        "prediction_time": 0.12529587745666504,
        "report": {
            "Real": {
                "precision": 0.810619681169843,
                "recall": 0.6763,
                "f1-score": 0.7373930109578586,
                "support": 10000.0
            },
            "Fake": {
                "precision": 0.722312773440851,
                "recall": 0.842,
                "f1-score": 0.7775776885071801,
                "support": 10000.0
            },
            "accuracy": 0.75915,
            "macro avg": {
                "precision": 0.766466227305347,
                "recall": 0.75915,
                "f1-score": 0.7574853497325194,
                "support": 20000.0
            },
            "weighted avg": {
                "precision": 0.766466227305347,
                "recall": 0.75915,
                "f1-score": 0.7574853497325194,
                "support": 20000.0
            }
        },
        "report_str": "              precision    recall  f1-score   support\n\n        Real     0.8106    0.6763    0.7374     10000\n        Fake     0.7223    0.8420    0.7776     10000\n\n    accuracy                         0.7591     20000\n   macro avg     0.7665    0.7591    0.7575     20000\nweighted avg     0.7665    0.7591    0.7575     20000\n",
        "model_size_mb": 0.009218215942382812
    },
    "KNeighborsClassifier": {
        "training_time": 0.1230628490447998,
        "prediction_time": 6.103861093521118,
        "report": {
            "Real": {
                "precision": 0.7549636803874092,
                "recall": 0.7795,
                "f1-score": 0.7670356703567036,
                "support": 10000.0
            },
            "Fake": {
                "precision": 0.772093023255814,
                "recall": 0.747,
                "f1-score": 0.7593392630241423,
                "support": 10000.0
            },
            "accuracy": 0.76325,
            "macro avg": {
                "precision": 0.7635283518216116,
                "recall": 0.76325,
                "f1-score": 0.763187466690423,
                "support": 20000.0
            },
            "weighted avg": {
                "precision": 0.7635283518216116,
                "recall": 0.76325,
                "f1-score": 0.763187466690423,
                "support": 20000.0
            }
        },
        "report_str": "              precision    recall  f1-score   support\n\n        Real     0.7550    0.7795    0.7670     10000\n        Fake     0.7721    0.7470    0.7593     10000\n\n    accuracy                         0.7632     20000\n   macro avg     0.7635    0.7632    0.7632     20000\nweighted avg     0.7635    0.7632    0.7632     20000\n",
        "model_size_mb": 129.62331867218018
    },
    "LogisticRegression": {
        "training_time": 5.989178895950317,
        "prediction_time": 0.03354525566101074,
        "report": {
            "Real": {
                "precision": 0.838339222614841,
                "recall": 0.8541,
                "f1-score": 0.8461462254804835,
                "support": 10000.0
            },
            "Fake": {
                "precision": 0.8513045250713412,
                "recall": 0.8353,
                "f1-score": 0.843226327478296,
                "support": 10000.0
            },
            "accuracy": 0.8447,
            "macro avg": {
                "precision": 0.844821873843091,
                "recall": 0.8447,
                "f1-score": 0.8446862764793897,
                "support": 20000.0
            },
            "weighted avg": {
                "precision": 0.844821873843091,
                "recall": 0.8447,
                "f1-score": 0.8446862764793895,
                "support": 20000.0
            }
        },
        "report_str": "              precision    recall  f1-score   support\n\n        Real     0.8383    0.8541    0.8461     10000\n        Fake     0.8513    0.8353    0.8432     10000\n\n    accuracy                         0.8447     20000\n   macro avg     0.8448    0.8447    0.8447     20000\nweighted avg     0.8448    0.8447    0.8447     20000\n",
        "model_size_mb": 0.005091667175292969
    },
    "RandomForestClassifier": {
        "training_time": 18.653794050216675,
        "prediction_time": 0.07412981986999512,
        "report": {
            "Real": {
                "precision": 0.9058415841584159,
                "recall": 0.9149,
                "f1-score": 0.9103482587064676,
                "support": 10000.0
            },
            "Fake": {
                "precision": 0.914040404040404,
                "recall": 0.9049,
                "f1-score": 0.9094472361809045,
                "support": 10000.0
            },
            "accuracy": 0.9099,
            "macro avg": {
                "precision": 0.9099409940994099,
                "recall": 0.9099,
                "f1-score": 0.909897747443686,
                "support": 20000.0
            },
            "weighted avg": {
                "precision": 0.9099409940994101,
                "recall": 0.9099,
                "f1-score": 0.909897747443686,
                "support": 20000.0
            }
        },
        "report_str": "              precision    recall  f1-score   support\n\n        Real     0.9058    0.9149    0.9103     10000\n        Fake     0.9140    0.9049    0.9094     10000\n\n    accuracy                         0.9099     20000\n   macro avg     0.9099    0.9099    0.9099     20000\nweighted avg     0.9099    0.9099    0.9099     20000\n",
        "model_size_mb": 13.960294723510742
    },
    "LGBMClassifier": {
        "training_time": 4.314247131347656,
        "prediction_time": 0.02607274055480957,
        "report": {
            "Real": {
                "precision": 0.9300180469219972,
                "recall": 0.9276,
                "f1-score": 0.92880744968459,
                "support": 10000.0
            },
            "Fake": {
                "precision": 0.9277877518452025,
                "recall": 0.9302,
                "f1-score": 0.9289923099970039,
                "support": 10000.0
            },
            "accuracy": 0.9289,
            "macro avg": {
                "precision": 0.9289028993835998,
                "recall": 0.9289000000000001,
                "f1-score": 0.9288998798407969,
                "support": 20000.0
            },
            "weighted avg": {
                "precision": 0.9289028993835998,
                "recall": 0.9289,
                "f1-score": 0.928899879840797,
                "support": 20000.0
            }
        },
        "report_str": "              precision    recall  f1-score   support\n\n        Real     0.9300    0.9276    0.9288     10000\n        Fake     0.9278    0.9302    0.9290     10000\n\n    accuracy                         0.9289     20000\n   macro avg     0.9289    0.9289    0.9289     20000\nweighted avg     0.9289    0.9289    0.9289     20000\n",
        "model_size_mb": 0.14785480499267578
    }
}