{
    "GaussianNB": {
        "training_time": 0.30343103408813477,
        "prediction_time": 0.12168121337890625,
        "report": {
            "Real": {
                "precision": 0.7942332896461337,
                "recall": 0.6666,
                "f1-score": 0.7248409721089545,
                "support": 10000.0
            },
            "Fake": {
                "precision": 0.7127595416558973,
                "recall": 0.8273,
                "f1-score": 0.7657703522006757,
                "support": 10000.0
            },
            "accuracy": 0.74695,
            "macro avg": {
                "precision": 0.7534964156510155,
                "recall": 0.74695,
                "f1-score": 0.7453056621548151,
                "support": 20000.0
            },
            "weighted avg": {
                "precision": 0.7534964156510155,
                "recall": 0.74695,
                "f1-score": 0.7453056621548151,
                "support": 20000.0
            }
        },
        "report_str": "              precision    recall  f1-score   support\n\n        Real     0.7942    0.6666    0.7248     10000\n        Fake     0.7128    0.8273    0.7658     10000\n\n    accuracy                         0.7470     20000\n   macro avg     0.7535    0.7470    0.7453     20000\nweighted avg     0.7535    0.7470    0.7453     20000\n",
        "model_size_mb": 0.009080886840820312
    },
    "KNeighborsClassifier": {
        "training_time": 0.11742353439331055,
        "prediction_time": 6.081372022628784,
        "report": {
            "Real": {
                "precision": 0.7561495254696882,
                "recall": 0.7808,
                "f1-score": 0.7682770835383252,
                "support": 10000.0
            },
            "Fake": {
                "precision": 0.7734132726896837,
                "recall": 0.7482,
                "f1-score": 0.7605977432143947,
                "support": 10000.0
            },
            "accuracy": 0.7645,
            "macro avg": {
                "precision": 0.7647813990796859,
                "recall": 0.7645,
                "f1-score": 0.76443741337636,
                "support": 20000.0
            },
            "weighted avg": {
                "precision": 0.764781399079686,
                "recall": 0.7645,
                "f1-score": 0.76443741337636,
                "support": 20000.0
            }
        },
        "report_str": "              precision    recall  f1-score   support\n\n        Real     0.7561    0.7808    0.7683     10000\n        Fake     0.7734    0.7482    0.7606     10000\n\n    accuracy                         0.7645     20000\n   macro avg     0.7648    0.7645    0.7644     20000\nweighted avg     0.7648    0.7645    0.7644     20000\n",
        "model_size_mb": 125.47726249694824
    },
    "LogisticRegression": {
        "training_time": 8.206693410873413,
        "prediction_time": 0.03518962860107422,
        "report": {
            "Real": {
                "precision": 0.8294859359844811,
                "recall": 0.8552,
                "f1-score": 0.8421467257508617,
                "support": 10000.0
            },
            "Fake": {
                "precision": 0.8505675954592363,
                "recall": 0.8242,
                "f1-score": 0.8371762315896394,
                "support": 10000.0
            },
            "accuracy": 0.8397,
            "macro avg": {
                "precision": 0.8400267657218587,
                "recall": 0.8397,
                "f1-score": 0.8396614786702505,
                "support": 20000.0
            },
            "weighted avg": {
                "precision": 0.8400267657218589,
                "recall": 0.8397,
                "f1-score": 0.8396614786702506,
                "support": 20000.0
            }
        },
        "report_str": "              precision    recall  f1-score   support\n\n        Real     0.8295    0.8552    0.8421     10000\n        Fake     0.8506    0.8242    0.8372     10000\n\n    accuracy                         0.8397     20000\n   macro avg     0.8400    0.8397    0.8397     20000\nweighted avg     0.8400    0.8397    0.8397     20000\n",
        "model_size_mb": 0.0049915313720703125
    },
    "RandomForestClassifier": {
        "training_time": 18.48693871498108,
        "prediction_time": 0.08601665496826172,
        "report": {
            "Real": {
                "precision": 0.8708602782676856,
                "recall": 0.8888,
                "f1-score": 0.8797386914777788,
                "support": 10000.0
            },
            "Fake": {
                "precision": 0.8864610986318154,
                "recall": 0.8682,
                "f1-score": 0.8772355259169445,
                "support": 10000.0
            },
            "accuracy": 0.8785,
            "macro avg": {
                "precision": 0.8786606884497505,
                "recall": 0.8785000000000001,
                "f1-score": 0.8784871086973617,
                "support": 20000.0
            },
            "weighted avg": {
                "precision": 0.8786606884497505,
                "recall": 0.8785,
                "f1-score": 0.8784871086973617,
                "support": 20000.0
            }
        },
        "report_str": "              precision    recall  f1-score   support\n\n        Real     0.8709    0.8888    0.8797     10000\n        Fake     0.8865    0.8682    0.8772     10000\n\n    accuracy                         0.8785     20000\n   macro avg     0.8787    0.8785    0.8785     20000\nweighted avg     0.8787    0.8785    0.8785     20000\n",
        "model_size_mb": 15.323816299438477
    },
    "LGBMClassifier": {
        "training_time": 4.4176836013793945,
        "prediction_time": 0.0259859561920166,
        "report": {
            "Real": {
                "precision": 0.8870951767851837,
                "recall": 0.8957,
                "f1-score": 0.8913768224113052,
                "support": 10000.0
            },
            "Fake": {
                "precision": 0.8946783802888014,
                "recall": 0.886,
                "f1-score": 0.8903180425061549,
                "support": 10000.0
            },
            "accuracy": 0.89085,
            "macro avg": {
                "precision": 0.8908867785369925,
                "recall": 0.89085,
                "f1-score": 0.8908474324587301,
                "support": 20000.0
            },
            "weighted avg": {
                "precision": 0.8908867785369926,
                "recall": 0.89085,
                "f1-score": 0.89084743245873,
                "support": 20000.0
            }
        },
        "report_str": "              precision    recall  f1-score   support\n\n        Real     0.8871    0.8957    0.8914     10000\n        Fake     0.8947    0.8860    0.8903     10000\n\n    accuracy                         0.8909     20000\n   macro avg     0.8909    0.8909    0.8908     20000\nweighted avg     0.8909    0.8909    0.8908     20000\n",
        "model_size_mb": 0.14586257934570312
    }
}