{
    "GaussianNB": {
        "training_time": 0.03277921676635742,
        "report": {
            "Real": {
                "precision": 0.7134808853118713,
                "recall": 0.3546,
                "f1-score": 0.47374749498998,
                "support": 10000.0
            },
            "Fake": {
                "precision": 0.5705921490352628,
                "recall": 0.8576,
                "f1-score": 0.6852576907710747,
                "support": 10000.0
            },
            "accuracy": 0.6061,
            "macro avg": {
                "precision": 0.642036517173567,
                "recall": 0.6061000000000001,
                "f1-score": 0.5795025928805273,
                "support": 20000.0
            },
            "weighted avg": {
                "precision": 0.642036517173567,
                "recall": 0.6061,
                "f1-score": 0.5795025928805273,
                "support": 20000.0
            }
        },
        "report_str": "              precision    recall  f1-score   support\n\n        Real     0.7135    0.3546    0.4737     10000\n        Fake     0.5706    0.8576    0.6853     10000\n\n    accuracy                         0.6061     20000\n   macro avg     0.6420    0.6061    0.5795     20000\nweighted avg     0.6420    0.6061    0.5795     20000\n",
        "model_size_mb": 0.00130462646484375
    },
    "KNN": {
        "training_time": 0.003781557083129883,
        "report": {
            "Real": {
                "precision": 0.7484472049689441,
                "recall": 0.6989,
                "f1-score": 0.7228255248733064,
                "support": 10000.0
            },
            "Fake": {
                "precision": 0.7175951978990809,
                "recall": 0.7651,
                "f1-score": 0.7405865840673701,
                "support": 10000.0
            },
            "accuracy": 0.732,
            "macro avg": {
                "precision": 0.7330212014340125,
                "recall": 0.732,
                "f1-score": 0.7317060544703382,
                "support": 20000.0
            },
            "weighted avg": {
                "precision": 0.7330212014340125,
                "recall": 0.732,
                "f1-score": 0.7317060544703383,
                "support": 20000.0
            }
        },
        "report_str": "              precision    recall  f1-score   support\n\n        Real     0.7484    0.6989    0.7228     10000\n        Fake     0.7176    0.7651    0.7406     10000\n\n    accuracy                         0.7320     20000\n   macro avg     0.7330    0.7320    0.7317     20000\nweighted avg     0.7330    0.7320    0.7317     20000\n",
        "model_size_mb": 5.928513526916504
    },
    "LogisticRegression": {
        "training_time": 9.882510423660278,
        "report": {
            "Real": {
                "precision": 0.648624348138824,
                "recall": 0.7214,
                "f1-score": 0.6830792538585361,
                "support": 10000.0
            },
            "Fake": {
                "precision": 0.6861905834647443,
                "recall": 0.6092,
                "f1-score": 0.645407352473779,
                "support": 10000.0
            },
            "accuracy": 0.6653,
            "macro avg": {
                "precision": 0.6674074658017841,
                "recall": 0.6653,
                "f1-score": 0.6642433031661575,
                "support": 20000.0
            },
            "weighted avg": {
                "precision": 0.6674074658017842,
                "recall": 0.6653,
                "f1-score": 0.6642433031661575,
                "support": 20000.0
            }
        },
        "report_str": "              precision    recall  f1-score   support\n\n        Real     0.6486    0.7214    0.6831     10000\n        Fake     0.6862    0.6092    0.6454     10000\n\n    accuracy                         0.6653     20000\n   macro avg     0.6674    0.6653    0.6642     20000\nweighted avg     0.6674    0.6653    0.6642     20000\n",
        "model_size_mb": 0.0009260177612304688
    },
    "RandomForest": {
        "training_time": 3.322707414627075,
        "report": {
            "Real": {
                "precision": 0.7938461538461539,
                "recall": 0.774,
                "f1-score": 0.7837974683544304,
                "support": 10000.0
            },
            "Fake": {
                "precision": 0.7795121951219512,
                "recall": 0.799,
                "f1-score": 0.7891358024691358,
                "support": 10000.0
            },
            "accuracy": 0.7865,
            "macro avg": {
                "precision": 0.7866791744840526,
                "recall": 0.7865,
                "f1-score": 0.7864666354117831,
                "support": 20000.0
            },
            "weighted avg": {
                "precision": 0.7866791744840526,
                "recall": 0.7865,
                "f1-score": 0.7864666354117832,
                "support": 20000.0
            }
        },
        "report_str": "              precision    recall  f1-score   support\n\n        Real     0.7938    0.7740    0.7838     10000\n        Fake     0.7795    0.7990    0.7891     10000\n\n    accuracy                         0.7865     20000\n   macro avg     0.7867    0.7865    0.7865     20000\nweighted avg     0.7867    0.7865    0.7865     20000\n",
        "model_size_mb": 20.397591590881348
    },
    "LGBMClassifier": {
        "training_time": 0.4769454002380371,
        "report": {
            "Real": {
                "precision": 0.7829568788501027,
                "recall": 0.7626,
                "f1-score": 0.772644376899696,
                "support": 10000.0
            },
            "Fake": {
                "precision": 0.7686159844054581,
                "recall": 0.7886,
                "f1-score": 0.7784797630799605,
                "support": 10000.0
            },
            "accuracy": 0.7756,
            "macro avg": {
                "precision": 0.7757864316277804,
                "recall": 0.7756,
                "f1-score": 0.7755620699898282,
                "support": 20000.0
            },
            "weighted avg": {
                "precision": 0.7757864316277805,
                "recall": 0.7756,
                "f1-score": 0.7755620699898282,
                "support": 20000.0
            }
        },
        "report_str": "              precision    recall  f1-score   support\n\n        Real     0.7830    0.7626    0.7726     10000\n        Fake     0.7686    0.7886    0.7785     10000\n\n    accuracy                         0.7756     20000\n   macro avg     0.7758    0.7756    0.7756     20000\nweighted avg     0.7758    0.7756    0.7756     20000\n",
        "model_size_mb": 0.13274288177490234
    }
}