{
    "GaussianNB": {
        "training_time": 0.009917020797729492,
        "report": {
            "Real": {
                "precision": 0.6130970724191063,
                "recall": 0.7958,
                "f1-score": 0.6926022628372498,
                "support": 10000.0
            },
            "Fake": {
                "precision": 0.7091168091168091,
                "recall": 0.4978,
                "f1-score": 0.5849588719153936,
                "support": 10000.0
            },
            "accuracy": 0.6468,
            "macro avg": {
                "precision": 0.6611069407679577,
                "recall": 0.6468,
                "f1-score": 0.6387805673763217,
                "support": 20000.0
            },
            "weighted avg": {
                "precision": 0.6611069407679577,
                "recall": 0.6468,
                "f1-score": 0.6387805673763218,
                "support": 20000.0
            }
        },
        "report_str": "              precision    recall  f1-score   support\n\n        Real     0.6131    0.7958    0.6926     10000\n        Fake     0.7091    0.4978    0.5850     10000\n\n    accuracy                         0.6468     20000\n   macro avg     0.6611    0.6468    0.6388     20000\nweighted avg     0.6611    0.6468    0.6388     20000\n",
        "model_size_mb": 0.0007953643798828125
    },
    "KNN": {
        "training_time": 0.11184811592102051,
        "report": {
            "Real": {
                "precision": 0.6717913788070449,
                "recall": 0.6904,
                "f1-score": 0.6809685850964147,
                "support": 10000.0
            },
            "Fake": {
                "precision": 0.681579759333539,
                "recall": 0.6627,
                "f1-score": 0.6720073011205192,
                "support": 10000.0
            },
            "accuracy": 0.67655,
            "macro avg": {
                "precision": 0.676685569070292,
                "recall": 0.67655,
                "f1-score": 0.6764879431084669,
                "support": 20000.0
            },
            "weighted avg": {
                "precision": 0.676685569070292,
                "recall": 0.67655,
                "f1-score": 0.6764879431084669,
                "support": 20000.0
            }
        },
        "report_str": "              precision    recall  f1-score   support\n\n        Real     0.6718    0.6904    0.6810     10000\n        Fake     0.6816    0.6627    0.6720     10000\n\n    accuracy                         0.6765     20000\n   macro avg     0.6767    0.6765    0.6765     20000\nweighted avg     0.6767    0.6765    0.6765     20000\n",
        "model_size_mb": 2.5779647827148438
    },
    "LogisticRegression": {
        "training_time": 6.827889442443848,
        "report": {
            "Real": {
                "precision": 0.6749303621169916,
                "recall": 0.7269,
                "f1-score": 0.6999518536350505,
                "support": 10000.0
            },
            "Fake": {
                "precision": 0.7041170097508126,
                "recall": 0.6499,
                "f1-score": 0.6759230369214768,
                "support": 10000.0
            },
            "accuracy": 0.6884,
            "macro avg": {
                "precision": 0.6895236859339021,
                "recall": 0.6884,
                "f1-score": 0.6879374452782636,
                "support": 20000.0
            },
            "weighted avg": {
                "precision": 0.6895236859339021,
                "recall": 0.6884,
                "f1-score": 0.6879374452782636,
                "support": 20000.0
            }
        },
        "report_str": "              precision    recall  f1-score   support\n\n        Real     0.6749    0.7269    0.7000     10000\n        Fake     0.7041    0.6499    0.6759     10000\n\n    accuracy                         0.6884     20000\n   macro avg     0.6895    0.6884    0.6879     20000\nweighted avg     0.6895    0.6884    0.6879     20000\n",
        "model_size_mb": 0.0007457733154296875
    },
    "RandomForest": {
        "training_time": 1.4145362377166748,
        "report": {
            "Real": {
                "precision": 0.7055341539039744,
                "recall": 0.7509,
                "f1-score": 0.7275105362592647,
                "support": 10000.0
            },
            "Fake": {
                "precision": 0.7337821951480176,
                "recall": 0.6866,
                "f1-score": 0.7094074495014724,
                "support": 10000.0
            },
            "accuracy": 0.71875,
            "macro avg": {
                "precision": 0.719658174525996,
                "recall": 0.71875,
                "f1-score": 0.7184589928803685,
                "support": 20000.0
            },
            "weighted avg": {
                "precision": 0.719658174525996,
                "recall": 0.71875,
                "f1-score": 0.7184589928803685,
                "support": 20000.0
            }
        },
        "report_str": "              precision    recall  f1-score   support\n\n        Real     0.7055    0.7509    0.7275     10000\n        Fake     0.7338    0.6866    0.7094     10000\n\n    accuracy                         0.7188     20000\n   macro avg     0.7197    0.7188    0.7185     20000\nweighted avg     0.7197    0.7188    0.7185     20000\n",
        "model_size_mb": 25.193442344665527
    },
    "LGBMClassifier": {
        "training_time": 0.16750001907348633,
        "report": {
            "Real": {
                "precision": 0.7065924738281618,
                "recall": 0.7492,
                "f1-score": 0.7272727272727273,
                "support": 10000.0
            },
            "Fake": {
                "precision": 0.7331063105246355,
                "recall": 0.6889,
                "f1-score": 0.7103160282517915,
                "support": 10000.0
            },
            "accuracy": 0.71905,
            "macro avg": {
                "precision": 0.7198493921763987,
                "recall": 0.71905,
                "f1-score": 0.7187943777622594,
                "support": 20000.0
            },
            "weighted avg": {
                "precision": 0.7198493921763987,
                "recall": 0.71905,
                "f1-score": 0.7187943777622594,
                "support": 20000.0
            }
        },
        "report_str": "              precision    recall  f1-score   support\n\n        Real     0.7066    0.7492    0.7273     10000\n        Fake     0.7331    0.6889    0.7103     10000\n\n    accuracy                         0.7190     20000\n   macro avg     0.7198    0.7190    0.7188     20000\nweighted avg     0.7198    0.7190    0.7188     20000\n",
        "model_size_mb": 0.12987518310546875
    }
}